תאריך עדכון,קוד יישוב,שם יישוב,קוד רובע,שם רובע,חולים פעילים,"חולים חדשים ל-10,000 נפש",שיעור בדיקות חיוביות,יחס הכפלה,צבע לפי חישוב יומי,צבע לפי החלטת ממשלה,government_color_next_week,x,y
19/08/2021,967,אבו ג'ווייעד (שבט),-999,לא רלוונטי,19,30.11400301,2.8,40,צהוב,ירוק,ציון 4.6 עד 6 - צבע צהוב,,
19/08/2021,472,אבו גוש,-999,לא רלוונטי,15>,16.53523277,1.5,30,צהוב,ירוק,ציון 1 עד 4.5 - צבע ירוק,,
19/08/2021,473,אבו סנאן,-999,לא רלוונטי,55,30.75632602,6.3,100,אדום,כתום,ציון 6.1 עד 7.5 - צבע כתום,,
19/08/2021,961,אבו רוקייק (שבט),-999,לא רלוונטי,15>,3.913128546,5.3,0,ירוק,ירוק,ציון 4.6 עד 6 - צבע צהוב,,
19/08/2021,1375,אבו תלול,-999,לא רלוונטי,15>,0,0,0,ירוק,ירוק,ציון 1 עד 4.5 - צבע ירוק,,
19/08/2021,652,אבטין,-999,לא רלוונטי,15>,6.927606512,2.6,0,ירוק,ירוק,ציון 1 עד 4.5 - צבע ירוק,,
19/08/2021,182,אבן יהודה,-999,לא רלוונטי,111,61.27101738,4.4,50.9,אדום,אדום,ציון מעל 7.5 - צבע אדום,,
19/08/2021,3793,אבני חפץ,-999,לא רלוונטי,15>,43.29004329,5.6,-16.7,כתום,כתום,ציון 6.1 עד 7.5 - צבע כתום,,
19/08/2021,2710,אום אל-פחם,-999,לא רלוונטי,129,17.63264155,5.8,92.3,צהוב,צהוב,ציון 4.6 עד 6 - צבע צהוב,,
19/08/2021,2710,אום אל-פחם,-999,לא רלוונטי,129,17.63264155,5.8,92.3,צהוב,צהוב,ציון 4.6 עד 6 - צבע צהוב,,
19/08/2021,1358,אום בטין,-999,לא רלוונטי,15>,0,0,0,ירוק,ירוק,ציון 1 עד 4.5 - צבע ירוק,,
19/08/2021,31,אופקים,-999,לא רלוונטי,450,103.7741676,9.8,108.7,אדום,אדום,ציון מעל 7.5 - צבע אדום,,
19/08/2021,2400,אור יהודה,-999,לא רלוונטי,374,75.70995162,7.6,33.2,אדום,אדום,ציון מעל 7.5 - צבע אדום,,
19/08/2021,1020,אור עקיבא,-999,לא רלוונטי,178,58.71143843,6.7,26.7,כתום,כתום,ציון 6.1 עד 7.5 - צבע כתום,,
19/08/2021,3760,אורנית,-999,לא רלוונטי,61,46.61487236,3.5,0,צהוב,צהוב,ציון 4.6 עד 6 - צבע צהוב,,
19/08/2021,565,אזור,-999,לא רלוונטי,142,74.84124584,8,-6.6,כתום,כתום,ציון 6.1 עד 7.5 - צבע כתום,,
19/08/2021,1330,אחוזת ברק,-999,לא רלוונטי,15>,54.2118432,4.6,30,כתום,כתום,ציון 6.1 עד 7.5 - צבע כתום,,
19/08/2021,2600,אילת,-999,לא רלוונטי,413,63.42011541,5.7,85,אדום,כתום,ציון 6.1 עד 7.5 - צבע כתום,,
19/08/2021,2600,אילת,-999,לא רלוונטי,413,63.42011541,5.7,85,אדום,כתום,ציון 6.1 עד 7.5 - צבע כתום,,
19/08/2021,2600,אילת,-999,לא רלוונטי,413,63.42011541,5.7,85,אדום,כתום,ציון 6.1 עד 7.5 - צבע כתום,,
19/08/2021,2600,אילת,-999,לא רלוונטי,413,63.42011541,5.7,85,אדום,כתום,ציון 6.1 עד 7.5 - צבע כתום,,
19/08/2021,478,אכסאל,-999,לא רלוונטי,15>,6.649378283,2.1,-52.4,ירוק,ירוק,ציון 1 עד 4.5 - צבע ירוק,,
19/08/2021,1359,אל סייד,-999,לא רלוונטי,15>,4.951312098,18.8,0,ירוק,ירוק,ציון 1 עד 4.5 - צבע ירוק,,
19/08/2021,3604,אלון שבות,-999,לא רלוונטי,15>,22.5008036,1.5,0,צהוב,ירוק,ציון 1 עד 4.5 - צבע ירוק,,
19/08/2021,3604,אלון שבות,-999,לא רלוונטי,15>,22.5008036,1.5,0,צהוב,ירוק,ציון 1 עד 4.5 - צבע ירוק,,
19/08/2021,41,אליכין,-999,לא רלוונטי,47,112.5216388,9,160,אדום,כתום,ציון 6.1 עד 7.5 - צבע כתום,,
19/08/2021,1309,אלעד,-999,לא רלוונטי,491,83.57225645,15.2,134.9,אדום,אדום,ציון מעל 7.5 - צבע אדום,,
19/08/2021,3618,אלעזר,-999,לא רלוונטי,15>,8.169934641,0.7,0,ירוק,צהוב,ציון 4.6 עד 6 - צבע צהוב,,
19/08/2021,3750,אלפי מנשה,-999,לא רלוונטי,37,33.70365747,3.2,0,כתום,כתום,ציון 6.1 עד 7.5 - צבע כתום,,
19/08/2021,3560,אלקנה,-999,לא רלוונטי,15>,27.78479414,2.3,10,צהוב,צהוב,ציון 4.6 עד 6 - צבע צהוב,,
19/08/2021,529,אעבלין,-999,לא רלוונטי,32,17.75804661,6.3,60,צהוב,צהוב,ציון 4.6 עד 6 - צבע צהוב,,
19/08/2021,529,אעבלין,-999,לא רלוונטי,32,17.75804661,6.3,60,צהוב,צהוב,ציון 4.6 עד 6 - צבע צהוב,,
19/08/2021,529,אעבלין,-999,לא רלוונטי,32,17.75804661,6.3,60,צהוב,צהוב,ציון 4.6 עד 6 - צבע צהוב,,
19/08/2021,963,אעצם (שבט),-999,לא רלוונטי,15>,0.92140422,1.5,0,ירוק,כתום,ציון 1 עד 4.5 - צבע ירוק,,
19/08/2021,3650,אפרת,-999,לא רלוונטי,59,41.1558669,3,74.1,כתום,כתום,ציון 6.1 עד 7.5 - צבע כתום,,
19/08/2021,3570,אריאל,-999,לא רלוונטי,98,34.65443186,4,44.9,כתום,כתום,ציון 6.1 עד 7.5 - צבע כתום,,
19/08/2021,70,אשדוד,707701,א_ב,139,50.01636049,6.3,67.2,כתום,,ציון 6.1 עד 7.5 - צבע כתום,,
19/08/2021,70,אשדוד,707702,ג_ז,1043,173.0481639,18.6,52.8,אדום,,ציון מעל 7.5 - צבע אדום,,
19/08/2021,70,אשדוד,707703,ד_ה,287,75.84041765,7.6,74.8,אדום,,ציון מעל 7.5 - צבע אדום,,
19/08/2021,70,אשדוד,707704,ו_ח_ט,711,149.7230958,13.9,85.5,אדום,,ציון מעל 7.5 - צבע אדום,,
19/08/2021,70,אשדוד,707705,טו_טז_יז,242,83.07598626,6.5,69,כתום,,ציון 6.1 עד 7.5 - צבע כתום,,
19/08/2021,70,אשדוד,707706,י_יג,131,56.23348141,6.4,78.6,אדום,,ציון 6.1 עד 7.5 - צבע כתום,,
19/08/2021,70,אשדוד,707707,יא_יב,336,75.71415644,6.8,73.1,אדום,,ציון מעל 7.5 - צבע אדום,,
19/08/2021,70,אשדוד,707708,"סיטי_מע""ר_מרינה",234,68.39655902,6.4,128.2,אדום,,ציון 6.1 עד 7.5 - צבע כתום,,
19/08/2021,7100,אשקלון,-999,לא רלוונטי,1591,85.0165936,8.4,60.6,אדום,אדום,ציון מעל 7.5 - צבע אדום,,
19/08/2021,6000,באקה אל-גרביה,-999,לא רלוונטי,76,15.43615344,3.9,2.2,צהוב,כתום,ציון 6.1 עד 7.5 - צבע כתום,,
19/08/2021,2530,באר יעקב,-999,לא רלוונטי,335,88.48636269,6.3,34.2,אדום,אדום,ציון מעל 7.5 - צבע אדום,,
19/08/2021,9000,באר שבע,90007701,1,259,59.47497949,5.2,35.3,אדום,,ציון מעל 7.5 - צבע אדום,,
19/08/2021,9000,באר שבע,90007702,2,204,50.57006252,5.4,55.7,כתום,,ציון 6.1 עד 7.5 - צבע כתום,,
19/08/2021,9000,באר שבע,90007703,3,261,59.25322131,6.2,20.4,אדום,,ציון מעל 7.5 - צבע אדום,,
19/08/2021,9000,באר שבע,90007704,4,262,54.00315711,6.8,89.3,אדום,,ציון מעל 7.5 - צבע אדום,,
19/08/2021,9000,באר שבע,90007705,5,171,53.73240375,6.5,27.4,אדום,,ציון מעל 7.5 - צבע אדום,,
19/08/2021,9000,באר שבע,90007706,6,249,64.77996526,7.4,54.3,אדום,,ציון מעל 7.5 - צבע אדום,,
19/08/2021,9000,באר שבע,90007707,7,311,72.97904192,7,73.3,אדום,,ציון מעל 7.5 - צבע אדום,,
19/08/2021,9000,באר שבע,90007707,7,311,72.97904192,7,73.3,אדום,,ציון מעל 7.5 - צבע אדום,,
19/08/2021,482,בועיינה-נוג'ידאת,-999,לא רלוונטי,40,16.98132055,4.3,-63,כתום,כתום,ציון 6.1 עד 7.5 - צבע כתום,,
19/08/2021,4001,בוקעאתא,-999,לא רלוונטי,15>,1.497678598,2.6,0,ירוק,ירוק,ציון 1 עד 4.5 - צבע ירוק,,
19/08/2021,998,ביר אל-מכסור,-999,לא רלוונטי,15>,15.417823,5,50,צהוב,ירוק,ציון 1 עד 4.5 - צבע ירוק,,
19/08/2021,1348,ביר הדאג',-999,לא רלוונטי,0,0,0,0,ירוק,ירוק,ציון 1 עד 4.5 - צבע ירוק,,
19/08/2021,3574,בית אל,-999,לא רלוונטי,37,47.24940938,4.9,-15.2,כתום,אדום,ציון מעל 7.5 - צבע אדום,,
19/08/2021,3652,בית אריה,-999,לא רלוונטי,33,52.41482591,6,154.5,כתום,צהוב,ציון 4.6 עד 6 - צבע צהוב,,
19/08/2021,3652,בית אריה,-999,לא רלוונטי,33,52.41482591,6,154.5,כתום,צהוב,ציון 4.6 עד 6 - צבע צהוב,,
19/08/2021,480,בית ג'ן,-999,לא רלוונטי,50,25.47456652,5.6,-11.4,אדום,אדום,ציון מעל 7.5 - צבע אדום,,
19/08/2021,466,בית דגן,-999,לא רלוונטי,71,69.8821595,6.6,64.5,אדום,אדום,ציון מעל 7.5 - צבע אדום,,
19/08/2021,1050,בית חשמונאי,-999,לא רלוונטי,21,68.52444038,4.3,-28.6,כתום,אדום,ציון מעל 7.5 - צבע אדום,,
19/08/2021,326,בית יצחק-שער חפר,-999,לא רלוונטי,15>,27.98507463,1.9,0,צהוב,צהוב,ציון 4.6 עד 6 - צבע צהוב,,
19/08/2021,9200,בית שאן,-999,לא רלוונטי,315,132.7713383,12.8,98.4,אדום,אדום,ציון מעל 7.5 - צבע אדום,,
19/08/2021,2610,בית שמש,-999,לא רלוונטי,516,31.08690719,6.1,87.7,כתום,כתום,ציון 6.1 עד 7.5 - צבע כתום,,
19/08/2021,2610,בית שמש,-999,לא רלוונטי,516,31.08690719,6.1,87.7,כתום,כתום,ציון 6.1 עד 7.5 - צבע כתום,,
19/08/2021,2610,בית שמש,-999,לא רלוונטי,516,31.08690719,6.1,87.7,כתום,כתום,ציון 6.1 עד 7.5 - צבע כתום,,
19/08/2021,3780,ביתר עילית,-999,לא רלוונטי,138,20.39251513,10.1,160.4,אדום,כתום,ציון 6.1 עד 7.5 - צבע כתום,,
19/08/2021,6100,בני ברק,61007701,1,243,52.51594234,12.6,88.5,אדום,,ציון מעל 7.5 - צבע אדום,,
19/08/2021,6100,בני ברק,61007702,2,380,48.10320324,13.3,87.8,אדום,,ציון מעל 7.5 - צבע אדום,,
19/08/2021,6100,בני ברק,61007703,3,255,34.10870051,10,52.5,כתום,,ציון 6.1 עד 7.5 - צבע כתום,,
19/08/2021,6100,בני ברק,61007704,4,333,42.41207784,12.5,72.3,אדום,,ציון מעל 7.5 - צבע אדום,,
19/08/2021,1066,"בני עי""ש",-999,לא רלוונטי,41,44.91451753,6.2,29.2,אדום,אדום,ציון מעל 7.5 - צבע אדום,,
19/08/2021,9800,בנימינה-גבעת עדה,-999,לא רלוונטי,70,34.43741782,2.4,96.4,כתום,צהוב,ציון 4.6 עד 6 - צבע צהוב,,
19/08/2021,9800,בנימינה-גבעת עדה,-999,לא רלוונטי,70,34.43741782,2.4,96.4,כתום,צהוב,ציון 4.6 עד 6 - צבע צהוב,,
19/08/2021,1326,"בסמ""ה",-999,לא רלוונטי,15>,5.852516582,1.5,0,ירוק,ירוק,ציון 1 עד 4.5 - צבע ירוק,,
19/08/2021,1326,"בסמ""ה",-999,לא רלוונטי,15>,5.852516582,1.5,0,ירוק,ירוק,ציון 1 עד 4.5 - צבע ירוק,,
19/08/2021,1326,"בסמ""ה",-999,לא רלוונטי,15>,5.852516582,1.5,0,ירוק,ירוק,ציון 1 עד 4.5 - צבע ירוק,,
19/08/2021,944,בסמת טבעון,-999,לא רלוונטי,21,17.49781277,6.3,40,כתום,כתום,ציון 6.1 עד 7.5 - צבע כתום,,
19/08/2021,944,בסמת טבעון,-999,לא רלוונטי,21,17.49781277,6.3,40,כתום,כתום,ציון 6.1 עד 7.5 - צבע כתום,,
19/08/2021,483,בענה,-999,לא רלוונטי,15>,11.87507422,4.6,0,צהוב,ירוק,ציון 1 עד 4.5 - צבע ירוק,,
19/08/2021,3710,ברכה,-999,לא רלוונטי,15>,13.85041551,1.9,0,צהוב,צהוב,ציון 4.6 עד 6 - צבע צהוב,,
19/08/2021,2038,ברקת,-999,לא רלוונטי,19,71.25890736,11.1,50,כתום,כתום,ציון 6.1 עד 7.5 - צבע כתום,,
19/08/2021,1319,בת חפר,-999,לא רלוונטי,23,26.52519894,3.4,-22.2,צהוב,צהוב,ציון 4.6 עד 6 - צבע צהוב,,
19/08/2021,6200,בת ים,-999,לא רלוונטי,1087,59.79400808,6.9,18.6,כתום,כתום,ציון 6.1 עד 7.5 - צבע כתום,,
19/08/2021,1292,ג'דיידה-מכר,-999,לא רלוונטי,88,30.00328161,6.7,4.9,אדום,אדום,ציון מעל 7.5 - צבע אדום,,
19/08/2021,1292,ג'דיידה-מכר,-999,לא רלוונטי,88,30.00328161,6.7,4.9,אדום,אדום,ציון מעל 7.5 - צבע אדום,,
19/08/2021,485,ג'ולס,-999,לא רלוונטי,15>,4.583651642,1.1,0,ירוק,ירוק,ציון 1 עד 4.5 - צבע ירוק,,
19/08/2021,627,ג'לג'וליה,-999,לא רלוונטי,22,6.799417193,1.9,-28.6,ירוק,צהוב,ציון 4.6 עד 6 - צבע צהוב,,
19/08/2021,541,ג'סר א-זרקא,-999,לא רלוונטי,17,7.940183948,2.4,20,ירוק,ירוק,ציון 1 עד 4.5 - צבע ירוק,,
19/08/2021,487,ג'ש (גוש חלב),-999,לא רלוונטי,20,48.07692308,8.8,50,כתום,כתום,ציון 6.1 עד 7.5 - צבע כתום,,
19/08/2021,628,ג'ת,-999,לא רלוונטי,54,26.93437806,5.5,-36.5,כתום,אדום,ציון מעל 7.5 - צבע אדום,,
19/08/2021,3763,גבע בנימין,-999,לא רלוונטי,47,55.58450582,7.2,-20,אדום,אדום,ציון מעל 7.5 - צבע אדום,,
19/08/2021,1293,גבעת אבני,-999,לא רלוונטי,19,72.11538462,5.5,50,כתום,כתום,ציון 6.1 עד 7.5 - צבע כתום,,
19/08/2021,1293,גבעת אבני,-999,לא רלוונטי,19,72.11538462,5.5,50,כתום,כתום,ציון 6.1 עד 7.5 - צבע כתום,,
19/08/2021,147,גבעת ברנר,-999,לא רלוונטי,15>,45.02814259,2.2,20,כתום,צהוב,ציון 4.6 עד 6 - צבע צהוב,,
19/08/2021,3730,גבעת זאב,-999,לא רלוונטי,77,28.63837542,5,-5.2,כתום,כתום,ציון 6.1 עד 7.5 - צבע כתום,,
19/08/2021,3730,גבעת זאב,-999,לא רלוונטי,77,28.63837542,5,-5.2,כתום,כתום,ציון 6.1 עד 7.5 - צבע כתום,,
19/08/2021,681,גבעת שמואל,-999,לא רלוונטי,235,63.15171097,5.1,28.4,אדום,אדום,ציון מעל 7.5 - צבע אדום,,
19/08/2021,6300,גבעתיים,-999,לא רלוונטי,390,46.65527665,3.7,37.2,כתום,כתום,ציון 6.1 עד 7.5 - צבע כתום,,
19/08/2021,2550,גדרה,-999,לא רלוונטי,301,71.16819997,6.1,65.3,אדום,כתום,ציון 6.1 עד 7.5 - צבע כתום,,
19/08/2021,166,גן יבנה,-999,לא רלוונטי,187,65.30748943,6.2,90.2,כתום,כתום,ציון 6.1 עד 7.5 - צבע כתום,,
19/08/2021,1274,גן נר,-999,לא רלוונטי,26,70.37037037,6.3,72.7,כתום,כתום,ציון 6.1 עד 7.5 - צבע כתום,,
19/08/2021,229,גני תקווה,-999,לא רלוונטי,124,39.98512182,3.2,-18.1,כתום,כתום,ציון 6.1 עד 7.5 - צבע כתום,,
19/08/2021,494,דאלית אל-כרמל,-999,לא רלוונטי,67,35.27040645,12.4,250,אדום,כתום,ציון 6.1 עד 7.5 - צבע כתום,,
19/08/2021,489,דבוריה,-999,לא רלוונטי,32,22.46770268,4.6,0,כתום,כתום,ציון 6.1 עד 7.5 - צבע כתום,,
19/08/2021,490,דייר אל-אסד,-999,לא רלוונטי,15>,3.933910307,1.4,0,ירוק,ירוק,ציון 1 עד 4.5 - צבע ירוק,,
19/08/2021,492,דייר חנא,-999,לא רלוונטי,44,33.46400229,8.3,52.2,אדום,כתום,ציון 6.1 עד 7.5 - צבע כתום,,
19/08/2021,2200,דימונה,-999,לא רלוונטי,244,53.21279396,6.3,38.8,אדום,אדום,ציון מעל 7.5 - צבע אדום,,
19/08/2021,9700,הוד השרון,-999,לא רלוונטי,374,42.9310478,3.5,21.9,כתום,כתום,ציון 6.1 עד 7.5 - צבע כתום,,
19/08/2021,1169,הוואשלה (שבט),-999,לא רלוונטי,15>,21.27659574,31.3,0,צהוב,ירוק,ציון 4.6 עד 6 - צבע צהוב,,
19/08/2021,1186,הושעיה,-999,לא רלוונטי,16,67.01771182,4.5,40,צהוב,צהוב,ציון 4.6 עד 6 - צבע צהוב,,
19/08/2021,3769,הר אדר,-999,לא רלוונטי,21,41.49377593,2.4,21.4,צהוב,צהוב,ציון 4.6 עד 6 - צבע צהוב,,
19/08/2021,6400,הרצליה,-999,לא רלוונטי,679,49.39117813,4.1,55.1,כתום,כתום,ציון 6.1 עד 7.5 - צבע כתום,,
19/08/2021,9300,זכרון יעקב,-999,לא רלוונטי,149,48.92992384,4.3,49.4,כתום,כתום,ציון 6.1 עד 7.5 - צבע כתום,,
19/08/2021,1290,זמר,-999,לא רלוונטי,16,12.46019659,3.8,-16.7,צהוב,צהוב,ציון 4.6 עד 6 - צבע צהוב,,
19/08/2021,975,זרזיר,-999,לא רלוונטי,28,12.07875347,5.2,-52.4,אדום,אדום,ציון מעל 7.5 - צבע אדום,,
19/08/2021,6500,חדרה,-999,לא רלוונטי,1029,73.38670548,7.8,14.9,אדום,אדום,ציון מעל 7.5 - צבע אדום,,
19/08/2021,6600,חולון,-999,לא רלוונטי,1681,65.03485828,6.8,17,כתום,כתום,ציון 6.1 עד 7.5 - צבע כתום,,
19/08/2021,1303,חורה,-999,לא רלוונטי,19,6.070592316,4.6,7.7,ירוק,ירוק,ציון 1 עד 4.5 - צבע ירוק,,
19/08/2021,496,חורפיש,-999,לא רלוונטי,15>,13.86748844,3.8,0,ירוק,ירוק,ציון 1 עד 4.5 - צבע ירוק,,
19/08/2021,4000,חיפה,40007701,הדר דרום,109,33.06235171,6,70,כתום,,ציון 6.1 עד 7.5 - צבע כתום,,
19/08/2021,4000,חיפה,40007702,הדר צפון,97,23.18981033,4.2,36.7,כתום,,ציון 4.6 עד 6 - צבע צהוב,,
19/08/2021,4000,חיפה,40007703,כרמל,209,28.51365015,3.3,0.7,כתום,,ציון 6.1 עד 7.5 - צבע כתום,,
19/08/2021,4000,חיפה,40007704,מערב חיפה,219,38.28534756,5.4,47.9,כתום,,ציון 6.1 עד 7.5 - צבע כתום,,
19/08/2021,4000,חיפה,40007705,נווה שאנן,262,31.17781045,4.7,26.1,כתום,,ציון 6.1 עד 7.5 - צבע כתום,,
19/08/2021,4000,חיפה,40007706,קריות ומפרץ חיפה,450,95.62221213,9,87.4,אדום,,ציון מעל 7.5 - צבע אדום,,
19/08/2021,4000,חיפה,40007707,רמות כרמל,198,30.92881614,3.1,11.1,כתום,,ציון 6.1 עד 7.5 - צבע כתום,,
19/08/2021,4005,חספין,-999,לא רלוונטי,19,87.76206728,8.3,80,כתום,צהוב,ציון 4.6 עד 6 - צבע צהוב,,
19/08/2021,2034,חצור הגלילית,-999,לא רלוונטי,59,45.08282659,7.4,22.9,כתום,כתום,ציון 6.1 עד 7.5 - צבע כתום,,
19/08/2021,1247,חריש,-999,לא רלוונטי,161,43.3496532,5.1,-39.3,כתום,כתום,ציון 6.1 עד 7.5 - צבע כתום,,
19/08/2021,3770,חשמונאים,-999,לא רלוונטי,17,41.15226337,2.2,-38.9,כתום,כתום,ציון 6.1 עד 7.5 - צבע כתום,,
19/08/2021,6700,טבריה,-999,לא רלוונטי,395,66.10340148,8.5,93.6,אדום,אדום,ציון מעל 7.5 - צבע אדום,,
19/08/2021,962,טובא-זנגריה,-999,לא רלוונטי,15>,13.06809932,7.6,0,צהוב,ירוק,ציון 1 עד 4.5 - צבע ירוק,,
19/08/2021,498,טורעאן,-999,לא רלוונטי,31,17.3370319,4.5,108.3,צהוב,צהוב,ציון 4.6 עד 6 - צבע צהוב,,
19/08/2021,2730,טייבה,-999,לא רלוונטי,104,15.92570993,3.3,-11.3,צהוב,צהוב,ציון 4.6 עד 6 - צבע צהוב,,
19/08/2021,2720,טירה,-999,לא רלוונטי,143,34.48020169,5.5,25.7,כתום,כתום,ציון 6.1 עד 7.5 - צבע כתום,,
19/08/2021,2100,טירת כרמל,-999,לא רלוונטי,148,51.47210212,6.9,111.9,אדום,אדום,ציון מעל 7.5 - צבע אדום,,
19/08/2021,3788,טלמון,-999,לא רלוונטי,36,58.13953488,4,-9.7,כתום,כתום,ציון 6.1 עד 7.5 - צבע כתום,,
19/08/2021,8900,טמרה,-999,לא רלוונטי,92,18.35967756,4.7,120.7,כתום,צהוב,ציון 4.6 עד 6 - צבע צהוב,,
19/08/2021,1295,יאנוח-ג'ת,-999,לא רלוונטי,15>,2.947678703,0.8,0,ירוק,ירוק,ציון 1 עד 4.5 - צבע ירוק,,
19/08/2021,46,יבנאל,-999,לא רלוונטי,22,29.86446129,6.1,-45.8,כתום,אדום,ציון מעל 7.5 - צבע אדום,,
19/08/2021,2660,יבנה,-999,לא רלוונטי,573,84.2058723,7.6,4.5,אדום,אדום,ציון מעל 7.5 - צבע אדום,,
19/08/2021,577,יד בנימין,-999,לא רלוונטי,61,115.3212521,8.4,133.3,אדום,אדום,ציון מעל 7.5 - צבע אדום,,
19/08/2021,9400,יהוד,-999,לא רלוונטי,205,49.6617005,4.5,26.3,כתום,כתום,ציון 6.1 עד 7.5 - צבע כתום,,
19/08/2021,499,יפיע,-999,לא רלוונטי,79,35.75500052,9.3,392.9,אדום,כתום,ציון 6.1 עד 7.5 - צבע כתום,,
19/08/2021,3647,יקיר,-999,לא רלוונטי,15>,54.50733753,4.9,30,צהוב,צהוב,ציון 4.6 עד 6 - צבע צהוב,,
19/08/2021,240,יקנעם עילית,-999,לא רלוונטי,149,48.21079756,5.7,52.6,כתום,כתום,ציון 6.1 עד 7.5 - צבע כתום,,
19/08/2021,831,ירוחם,-999,לא רלוונטי,69,58.98876404,6.6,186.4,כתום,כתום,ציון 6.1 עד 7.5 - צבע כתום,,
19/08/2021,3000,ירושלים,30007701,א-טור,15>,1.028983022,0.8,0,ירוק,,ציון 1 עד 4.5 - צבע ירוק,,
19/08/2021,3000,ירושלים,30007701,א-טור,15>,1.028983022,0.8,0,ירוק,,ציון 1 עד 4.5 - צבע ירוק,,
19/08/2021,3000,ירושלים,30007702,"בוכרים, גאולה, מקור ברוך ומאה שערים",101,13.95415649,4.4,106.1,כתום,,ציון 6.1 עד 7.5 - צבע כתום,,
19/08/2021,3000,ירושלים,30007702,"בוכרים, גאולה, מקור ברוך ומאה שערים",101,13.95415649,4.4,106.1,כתום,,ציון 6.1 עד 7.5 - צבע כתום,,
19/08/2021,3000,ירושלים,30007703,בית הכרם ורמת מוצא,55,18.93740137,2.4,-5.3,צהוב,,ציון 6.1 עד 7.5 - צבע כתום,,
19/08/2021,3000,ירושלים,30007703,בית הכרם ורמת מוצא,55,18.93740137,2.4,-5.3,צהוב,,ציון 6.1 עד 7.5 - צבע כתום,,
19/08/2021,3000,ירושלים,30007703,בית הכרם ורמת מוצא,55,18.93740137,2.4,-5.3,צהוב,,ציון 6.1 עד 7.5 - צבע כתום,,
19/08/2021,3000,ירושלים,30007703,בית הכרם ורמת מוצא,55,18.93740137,2.4,-5.3,צהוב,,ציון 6.1 עד 7.5 - צבע כתום,,
19/08/2021,3000,ירושלים,30007704,בית וגן,72,23.27485884,5.9,54.3,כתום,,ציון 6.1 עד 7.5 - צבע כתום,,
19/08/2021,3000,ירושלים,30007704,בית וגן,72,23.27485884,5.9,54.3,כתום,,ציון 6.1 עד 7.5 - צבע כתום,,
19/08/2021,3000,ירושלים,30007705,בית חנינא,23,2.697356591,1.5,-14.3,ירוק,,ציון 1 עד 4.5 - צבע ירוק,,
19/08/2021,3000,ירושלים,30007705,בית חנינא,23,2.697356591,1.5,-14.3,ירוק,,ציון 1 עד 4.5 - צבע ירוק,,
19/08/2021,3000,ירושלים,30007706,בית צפאפא,18,12.22244856,3.7,80,צהוב,,ציון 4.6 עד 6 - צבע צהוב,,
19/08/2021,3000,ירושלים,30007706,בית צפאפא,18,12.22244856,3.7,80,צהוב,,ציון 4.6 עד 6 - צבע צהוב,,
19/08/2021,3000,ירושלים,30007707,"בקעה, תלפיות, ארנונה, מקור חיים וגבעת חנניה",118,24.69737025,2.7,-5.3,כתום,,ציון 6.1 עד 7.5 - צבע כתום,,
19/08/2021,3000,ירושלים,30007707,"בקעה, תלפיות, ארנונה, מקור חיים וגבעת חנניה",118,24.69737025,2.7,-5.3,כתום,,ציון 6.1 עד 7.5 - צבע כתום,,
19/08/2021,3000,ירושלים,30007708,"גבעה צרפתית, גבעת המבתר והר הצופים",35,17.27257773,3.2,40,צהוב,,ציון 4.6 עד 6 - צבע צהוב,,
19/08/2021,3000,ירושלים,30007708,"גבעה צרפתית, גבעת המבתר והר הצופים",35,17.27257773,3.2,40,צהוב,,ציון 4.6 עד 6 - צבע צהוב,,
19/08/2021,3000,ירושלים,30007709,"גבעת שאול, גבעת מרדכי, וקריית משה",100,23.65247518,4.5,-6.6,כתום,,ציון מעל 7.5 - צבע אדום,,
19/08/2021,3000,ירושלים,30007709,"גבעת שאול, גבעת מרדכי, וקריית משה",100,23.65247518,4.5,-6.6,כתום,,ציון מעל 7.5 - צבע אדום,,
19/08/2021,3000,ירושלים,30007709,"גבעת שאול, גבעת מרדכי, וקריית משה",100,23.65247518,4.5,-6.6,כתום,,ציון מעל 7.5 - צבע אדום,,
19/08/2021,3000,ירושלים,30007709,"גבעת שאול, גבעת מרדכי, וקריית משה",100,23.65247518,4.5,-6.6,כתום,,ציון מעל 7.5 - צבע אדום,,
19/08/2021,3000,ירושלים,30007710,גוננים,139,39.76295163,4.5,73.3,כתום,,ציון מעל 7.5 - צבע אדום,,
19/08/2021,3000,ירושלים,30007710,גוננים,139,39.76295163,4.5,73.3,כתום,,ציון מעל 7.5 - צבע אדום,,
19/08/2021,3000,ירושלים,30007711,גילה,133,32.50536645,5.8,68.3,כתום,,ציון מעל 7.5 - צבע אדום,,
19/08/2021,3000,ירושלים,30007711,גילה,133,32.50536645,5.8,68.3,כתום,,ציון מעל 7.5 - צבע אדום,,
19/08/2021,3000,ירושלים,30007711,גילה,133,32.50536645,5.8,68.3,כתום,,ציון מעל 7.5 - צבע אדום,,
19/08/2021,3000,ירושלים,30007711,גילה,133,32.50536645,5.8,68.3,כתום,,ציון מעל 7.5 - צבע אדום,,
19/08/2021,3000,ירושלים,30007712,גינות העיר,119,23.65408269,2.5,47.1,כתום,,ציון 6.1 עד 7.5 - צבע כתום,,
19/08/2021,3000,ירושלים,30007712,גינות העיר,119,23.65408269,2.5,47.1,כתום,,ציון 6.1 עד 7.5 - צבע כתום,,
19/08/2021,3000,ירושלים,30007713,העיר העתיקה,20,5.154107824,2.8,50,ירוק,,ציון 1 עד 4.5 - צבע ירוק,,
19/08/2021,3000,ירושלים,30007713,העיר העתיקה,20,5.154107824,2.8,50,ירוק,,ציון 1 עד 4.5 - צבע ירוק,,
19/08/2021,3000,ירושלים,30007714,הר נוף,78,39.31379557,6.6,144.4,כתום,,ציון 6.1 עד 7.5 - צבע כתום,,
19/08/2021,3000,ירושלים,30007714,הר נוף,78,39.31379557,6.6,144.4,כתום,,ציון 6.1 עד 7.5 - צבע כתום,,
19/08/2021,3000,ירושלים,30007715,"ואדי ג'וז, שייח ג'ראח ובאב א-זהרה",15>,2.920134326,1.3,0,ירוק,,ציון 1 עד 4.5 - צבע ירוק,,
19/08/2021,3000,ירושלים,30007715,"ואדי ג'וז, שייח ג'ראח ובאב א-זהרה",15>,2.920134326,1.3,0,ירוק,,ציון 1 עד 4.5 - צבע ירוק,,
19/08/2021,3000,ירושלים,30007716,חומת שמואל,167,48.84148009,6.2,20.2,כתום,,ציון מעל 7.5 - צבע אדום,,
19/08/2021,3000,ירושלים,30007716,חומת שמואל,167,48.84148009,6.2,20.2,כתום,,ציון מעל 7.5 - צבע אדום,,
19/08/2021,3000,ירושלים,30007717,כפר עקב,15>,1.087104226,1.2,0,ירוק,,ציון 1 עד 4.5 - צבע ירוק,,
19/08/2021,3000,ירושלים,30007717,כפר עקב,15>,1.087104226,1.2,0,ירוק,,ציון 1 עד 4.5 - צבע ירוק,,
19/08/2021,3000,ירושלים,30007718,"לב העיר, קרית הלאום, מוסררה והרובע היהודי",108,27.25197024,3.7,27.6,כתום,,ציון 6.1 עד 7.5 - צבע כתום,,
19/08/2021,3000,ירושלים,30007718,"לב העיר, קרית הלאום, מוסררה והרובע היהודי",108,27.25197024,3.7,27.6,כתום,,ציון 6.1 עד 7.5 - צבע כתום,,
19/08/2021,3000,ירושלים,30007718,"לב העיר, קרית הלאום, מוסררה והרובע היהודי",108,27.25197024,3.7,27.6,כתום,,ציון 6.1 עד 7.5 - צבע כתום,,
19/08/2021,3000,ירושלים,30007718,"לב העיר, קרית הלאום, מוסררה והרובע היהודי",108,27.25197024,3.7,27.6,כתום,,ציון 6.1 עד 7.5 - צבע כתום,,
19/08/2021,3000,ירושלים,30007720,מ.פ שועפאט וענתא,23,3.77489982,5.4,30,ירוק,,ציון 1 עד 4.5 - צבע ירוק,,
19/08/2021,3000,ירושלים,30007721,נווה יעקב,50,12.74859765,5.9,29.6,כתום,,ציון 6.1 עד 7.5 - צבע כתום,,
19/08/2021,3000,ירושלים,30007722,סילואן/ עיר דוד ואבו תור,15>,2.467764822,2.5,0,ירוק,,ציון 1 עד 4.5 - צבע ירוק,,
19/08/2021,3000,ירושלים,30007723,"סנהדריה, מעלות דפנה, רמת אשכול, שמואל הנביא ובית ישראל",55,14.99390872,5.3,166.7,צהוב,,ציון 4.6 עד 6 - צבע צהוב,,
19/08/2021,3000,ירושלים,30007724,עיסיוויה,15>,0,0,0,ירוק,,ציון 1 עד 4.5 - צבע ירוק,,
19/08/2021,3000,ירושלים,30007725,פסגת זאב,234,40.19986373,6.3,71.8,כתום,,ציון 6.1 עד 7.5 - צבע כתום,,
19/08/2021,3000,ירושלים,30007726,צור באחר - ג'בל מוכבר,35,5.501782985,4.1,170,ירוק,,ציון 1 עד 4.5 - צבע ירוק,,
19/08/2021,3000,ירושלים,30007727,"קרית היובל, רמת שרת, רמת דניה, הולילנד, מלחה",223,36.67423812,4.6,20.2,אדום,,ציון מעל 7.5 - צבע אדום,,
19/08/2021,3000,ירושלים,30007728,קרית מנחם וגבעת משואה,87,37.40721258,4.4,64.1,כתום,,ציון 6.1 עד 7.5 - צבע כתום,,
19/08/2021,3000,ירושלים,30007729,ראס אל עמוד,15>,1.001652727,0.8,0,ירוק,,ציון 1 עד 4.5 - צבע ירוק,,
19/08/2021,3000,ירושלים,30007730,רוממה,98,17.60008406,4.1,97.1,כתום,,ציון 6.1 עד 7.5 - צבע כתום,,
19/08/2021,3000,ירושלים,30007731,רמות,152,21.47126526,5.7,88.1,כתום,,ציון 6.1 עד 7.5 - צבע כתום,,
19/08/2021,3000,ירושלים,30007732,רמת שלמה,76,39.44414103,11.5,150,אדום,,ציון מעל 7.5 - צבע אדום,,
19/08/2021,3000,ירושלים,30007733,שועפאט,16,4.966887417,2.9,20,ירוק,,ציון 1 עד 4.5 - צבע ירוק,,
19/08/2021,3000,ירושלים,30007734,תלפיות מזרח,77,26.42506606,3.7,25.6,כתום,,ציון 6.1 עד 7.5 - צבע כתום,,
19/08/2021,502,ירכא,-999,לא רלוונטי,15>,5.760368664,2.5,0,צהוב,צהוב,ציון 4.6 עד 6 - צבע צהוב,,
19/08/2021,504,כאבול,-999,לא רלוונטי,19,9.83560489,2.8,40,ירוק,ירוק,ציון 1 עד 4.5 - צבע ירוק,,
19/08/2021,505,כאוכב אבו אל-היג'א,-999,לא רלוונטי,15>,16.40689089,4.4,0,צהוב,צהוב,ציון 4.6 עד 6 - צבע צהוב,,
19/08/2021,3564,כוכב השחר,-999,לא רלוונטי,15>,8.561643836,0.9,0,צהוב,צהוב,ציון 4.6 עד 6 - צבע צהוב,,
19/08/2021,1224,כוכב יאיר,-999,לא רלוונטי,47,44.63263905,2.9,105.3,כתום,כתום,ציון 6.1 עד 7.5 - צבע כתום,,
19/08/2021,3779,כוכב יעקב,-999,לא רלוונטי,36,37.02872531,7.9,230,כתום,צהוב,ציון 4.6 עד 6 - צבע צהוב,,
19/08/2021,1059,כסיפה,-999,לא רלוונטי,15>,3.568560978,3,0,ירוק,ירוק,ציון 1 עד 4.5 - צבע ירוק,,
19/08/2021,1296,כסרא-סמיע,-999,לא רלוונטי,28,16.70750724,5.1,-34.8,צהוב,צהוב,ציון 4.6 עד 6 - צבע צהוב,,
19/08/2021,1296,כסרא-סמיע,-999,לא רלוונטי,28,16.70750724,5.1,-34.8,צהוב,צהוב,ציון 4.6 עד 6 - צבע צהוב,,
19/08/2021,978,כעביה-טבאש-חג'אג'רה,-999,לא רלוונטי,15>,14.26279194,7.3,0,צהוב,צהוב,ציון 4.6 עד 6 - צבע צהוב,,
19/08/2021,978,כעביה-טבאש-חג'אג'רה,-999,לא רלוונטי,15>,14.26279194,7.3,0,צהוב,צהוב,ציון 4.6 עד 6 - צבע צהוב,,
19/08/2021,978,כעביה-טבאש-חג'אג'רה,-999,לא רלוונטי,15>,14.26279194,7.3,0,צהוב,צהוב,ציון 4.6 עד 6 - צבע צהוב,,
19/08/2021,3638,כפר אדומים,-999,לא רלוונטי,19,27.48995559,2.5,-23.5,צהוב,כתום,ציון 6.1 עד 7.5 - צבע כתום,,
19/08/2021,633,כפר ברא,-999,לא רלוונטי,15>,15.94048884,3.4,-23.1,צהוב,צהוב,ציון 4.6 עד 6 - צבע צהוב,,
19/08/2021,3796,כפר האורנים,-999,לא רלוונטי,15>,30.38359286,2.4,-60,צהוב,כתום,ציון 6.1 עד 7.5 - צבע כתום,,
19/08/2021,1263,כפר ורדים,-999,לא רלוונטי,26,36.39672429,2.8,-20,צהוב,צהוב,ציון 4.6 עד 6 - צבע צהוב,,
19/08/2021,696,"כפר חב""ד",-999,לא רלוונטי,254,265.7757981,13.3,-19.7,אדום,אדום,ציון מעל 7.5 - צבע אדום,,
19/08/2021,507,כפר יאסיף,-999,לא רלוונטי,45,34.14967314,7.3,218.2,אדום,כתום,ציון 6.1 עד 7.5 - צבע כתום,,
19/08/2021,168,כפר יונה,-999,לא רלוונטי,253,69.62509564,6.3,14.5,כתום,כתום,ציון 6.1 עד 7.5 - צבע כתום,,
19/08/2021,508,כפר כמא,-999,לא רלוונטי,15>,26.50176678,5.5,0,ירוק,ירוק,ציון 1 עד 4.5 - צבע ירוק,,
19/08/2021,509,כפר כנא,-999,לא רלוונטי,43,11.61240377,2.6,-12.9,צהוב,כתום,ציון 6.1 עד 7.5 - צבע כתום,,
19/08/2021,510,כפר מנדא,-999,לא רלוונטי,15>,1.455604076,0.7,-33.3,ירוק,ירוק,ציון 1 עד 4.5 - צבע ירוק,,
19/08/2021,512,כפר מצר,-999,לא רלוונטי,15>,3.599712023,0.7,0,ירוק,ירוק,ציון 1 עד 4.5 - צבע ירוק,,
19/08/2021,6900,כפר סבא,-999,לא רלוונטי,591,41.01746931,3.4,24.1,כתום,כתום,ציון 6.1 עד 7.5 - צבע כתום,,
19/08/2021,634,כפר קאסם,-999,לא רלוונטי,58,15.26654563,3.5,-7.5,צהוב,צהוב,ציון 4.6 עד 6 - צבע צהוב,,
19/08/2021,654,כפר קרע,-999,לא רלוונטי,90,31.55716503,7,5.2,כתום,כתום,ציון 6.1 עד 7.5 - צבע כתום,,
19/08/2021,47,כפר תבור,-999,לא רלוונטי,40,59.07748239,4.6,-18.8,כתום,אדום,ציון מעל 7.5 - צבע אדום,,
19/08/2021,1139,כרמיאל,-999,לא רלוונטי,228,37.23749729,5.1,31.3,כתום,כתום,ציון 6.1 עד 7.5 - צבע כתום,,
19/08/2021,1271,להבים,-999,לא רלוונטי,44,55.71450083,3.6,236.4,אדום,כתום,ציון 6.1 עד 7.5 - צבע כתום,,
19/08/2021,7000,לוד,-999,לא רלוונטי,771,73.52759141,9.5,66.9,אדום,אדום,ציון מעל 7.5 - צבע אדום,,
19/08/2021,1310,לפיד,-999,לא רלוונטי,15>,38.37953092,3.8,-44.4,כתום,כתום,ציון 6.1 עד 7.5 - צבע כתום,,
19/08/2021,1060,לקיה,-999,לא רלוונטי,15>,3.420908593,1.4,0,ירוק,ירוק,ציון 1 עד 4.5 - צבע ירוק,,
19/08/2021,3709,מבוא חורון,-999,לא רלוונטי,31,114.0544518,9.1,121.4,אדום,אדום,ציון מעל 7.5 - צבע אדום,,
19/08/2021,1015,מבשרת ציון,-999,לא רלוונטי,142,45.18010432,4.4,44.7,כתום,כתום,ציון 6.1 עד 7.5 - צבע כתום,,
19/08/2021,516,מג'ד אל-כרום,-999,לא רלוונטי,21,13.46240144,5,110,צהוב,ירוק,ציון 1 עד 4.5 - צבע ירוק,,
19/08/2021,4201,מג'דל שמס,-999,לא רלוונטי,15>,12.45108502,8.4,40,צהוב,צהוב,ציון 4.6 עד 6 - צבע צהוב,,
19/08/2021,4201,מג'דל שמס,-999,לא רלוונטי,15>,12.45108502,8.4,40,צהוב,צהוב,ציון 4.6 עד 6 - צבע צהוב,,
19/08/2021,481,מגאר,-999,לא רלוונטי,140,44.2610975,9.8,47.1,אדום,אדום,ציון מעל 7.5 - צבע אדום,,
19/08/2021,874,מגדל העמק,-999,לא רלוונטי,347,100.0387747,8.9,47.4,אדום,אדום,ציון מעל 7.5 - צבע אדום,,
19/08/2021,3797,מודיעין עילית,-999,לא רלוונטי,253,27.16597905,12.5,132.6,אדום,אדום,ציון מעל 7.5 - צבע אדום,,
19/08/2021,3797,מודיעין עילית,-999,לא רלוונטי,253,27.16597905,12.5,132.6,אדום,אדום,ציון מעל 7.5 - צבע אדום,,
19/08/2021,1200,מודיעין-מכבים-רעות,-999,לא רלוונטי,555,43.16896057,3.3,30.3,כתום,אדום,ציון מעל 7.5 - צבע אדום,,
19/08/2021,1200,מודיעין-מכבים-רעות,-999,לא רלוונטי,555,43.16896057,3.3,30.3,כתום,אדום,ציון מעל 7.5 - צבע אדום,,
19/08/2021,635,מוקייבלה,-999,לא רלוונטי,15>,9.699321048,4.8,0,צהוב,צהוב,ציון 4.6 עד 6 - צבע צהוב,,
19/08/2021,28,מזכרת בתיה,-999,לא רלוונטי,147,75.52169593,4.9,60.6,כתום,כתום,ציון 6.1 עד 7.5 - צבע כתום,,
19/08/2021,517,מזרעה,-999,לא רלוונטי,15>,22.46630055,5.8,-16.7,כתום,כתום,ציון 6.1 עד 7.5 - צבע כתום,,
19/08/2021,649,מייסר,-999,לא רלוונטי,15>,19.44579485,6.5,0,ירוק,ירוק,ציון 1 עד 4.5 - צבע ירוק,,
19/08/2021,1268,מיתר,-999,לא רלוונטי,63,48.17825956,3.5,29.7,כתום,כתום,ציון 6.1 עד 7.5 - צבע כתום,,
19/08/2021,4203,מסעדה,-999,לא רלוונטי,15>,0,0,0,ירוק,ירוק,ציון 1 עד 4.5 - צבע ירוק,,
19/08/2021,939,מסעודין אל-עזאזמה,-999,לא רלוונטי,15>,2.80457707,3.6,0,ירוק,ירוק,ציון 1 עד 4.5 - צבע ירוק,,
19/08/2021,1082,מעגלים,-999,לא רלוונטי,15>,33.88189739,5.6,0,צהוב,צהוב,ציון 4.6 עד 6 - צבע צהוב,,
19/08/2021,694,מעגן מיכאל,-999,לא רלוונטי,15>,33.67003367,2.2,-16.7,כתום,כתום,ציון 6.1 עד 7.5 - צבע כתום,,
19/08/2021,518,מעיליא,-999,לא רלוונטי,15>,9.244992296,0.8,0,ירוק,ירוק,ציון 1 עד 4.5 - צבע ירוק,,
19/08/2021,3616,מעלה אדומים,-999,לא רלוונטי,263,53.96539866,5.9,39.7,כתום,כתום,ציון 6.1 עד 7.5 - צבע כתום,,
19/08/2021,1327,מעלה עירון,-999,לא רלוונטי,32,16.285584,6,66.7,צהוב,צהוב,ציון 4.6 עד 6 - צבע צהוב,,
19/08/2021,1327,מעלה עירון,-999,לא רלוונטי,32,16.285584,6,66.7,צהוב,צהוב,ציון 4.6 עד 6 - צבע צהוב,,
19/08/2021,1063,מעלות-תרשיחא,-999,לא רלוונטי,148,52.35129524,6.3,18.4,כתום,כתום,ציון 6.1 עד 7.5 - צבע כתום,,
19/08/2021,3576,מצפה יריחו,-999,לא רלוונטי,30,105.2631579,7.7,170,אדום,כתום,ציון 6.1 עד 7.5 - צבע כתום,,
19/08/2021,99,מצפה רמון,-999,לא רלוונטי,25,44.37584411,4.2,130,כתום,צהוב,ציון 4.6 עד 6 - צבע צהוב,,
19/08/2021,1098,מרכז שפירא,-999,לא רלוונטי,17,45.85243852,3,-31.3,כתום,כתום,ציון 6.1 עד 7.5 - צבע כתום,,
19/08/2021,520,משהד,-999,לא רלוונטי,28,24.78460994,7.4,23.5,כתום,כתום,ציון 6.1 עד 7.5 - צבע כתום,,
19/08/2021,1315,מתן,-999,לא רלוונטי,20,30.3030303,2.2,-35.3,כתום,כתום,ציון 6.1 עד 7.5 - צבע כתום,,
19/08/2021,524,נאעורה,-999,לא רלוונטי,15>,8.528784648,4.3,0,ירוק,ירוק,ציון 1 עד 4.5 - צבע ירוק,,
19/08/2021,9100,נהריה,-999,לא רלוונטי,425,53.05039788,6.3,13.8,כתום,כתום,ציון 6.1 עד 7.5 - צבע כתום,,
19/08/2021,3725,נווה דניאל,-999,לא רלוונטי,15>,47.4137931,3.2,10,כתום,כתום,ציון 6.1 עד 7.5 - צבע כתום,,
19/08/2021,1333,נוף איילון,-999,לא רלוונטי,15>,42.85714286,2.9,-54.5,צהוב,כתום,ציון 6.1 עד 7.5 - צבע כתום,,
19/08/2021,1061,נוף הגליל,-999,לא רלוונטי,216,33.84982122,4.2,20.3,כתום,כתום,ציון 6.1 עד 7.5 - צבע כתום,,
19/08/2021,1061,נוף הגליל,-999,לא רלוונטי,216,33.84982122,4.2,20.3,כתום,כתום,ציון 6.1 עד 7.5 - צבע כתום,,
19/08/2021,1061,נוף הגליל,-999,לא רלוונטי,216,33.84982122,4.2,20.3,כתום,כתום,ציון 6.1 עד 7.5 - צבע כתום,,
19/08/2021,1061,נוף הגליל,-999,לא רלוונטי,216,33.84982122,4.2,20.3,כתום,כתום,ציון 6.1 עד 7.5 - צבע כתום,,
19/08/2021,1284,נופית,-999,לא רלוונטי,15>,34.45635528,3.2,0,צהוב,צהוב,ציון 4.6 עד 6 - צבע צהוב,,
19/08/2021,3726,נוקדים,-999,לא רלוונטי,15>,19.3498452,2.7,0,ירוק,ירוק,ציון 1 עד 4.5 - צבע ירוק,,
19/08/2021,3726,נוקדים,-999,לא רלוונטי,15>,19.3498452,2.7,0,ירוק,ירוק,ציון 1 עד 4.5 - צבע ירוק,,
19/08/2021,3726,נוקדים,-999,לא רלוונטי,15>,19.3498452,2.7,0,ירוק,ירוק,ציון 1 עד 4.5 - צבע ירוק,,
19/08/2021,522,נחף,-999,לא רלוונטי,17,12.74076295,6.2,70,צהוב,ירוק,ציון 1 עד 4.5 - צבע ירוק,,
19/08/2021,351,ניצן,-999,לא רלוונטי,37,118.29653,10.2,76.5,אדום,אדום,ציון מעל 7.5 - צבע אדום,,
19/08/2021,7200,נס ציונה,-999,לא רלוונטי,386,56.0041162,4.1,33.5,כתום,כתום,ציון 6.1 עד 7.5 - צבע כתום,,
19/08/2021,3787,נעלה,-999,לא רלוונטי,16,50.73995772,5,20,צהוב,צהוב,ציון 4.6 עד 6 - צבע צהוב,,
19/08/2021,7300,נצרת,-999,לא רלוונטי,347,33.3187537,6.4,57,כתום,כתום,ציון 6.1 עד 7.5 - צבע כתום,,
19/08/2021,2500,נשר,-999,לא רלוונטי,140,42.59406189,4.8,56.9,כתום,צהוב,ציון 4.6 עד 6 - צבע צהוב,,
19/08/2021,246,נתיבות,-999,לא רלוונטי,388,75.27372263,10.5,40.8,אדום,אדום,ציון מעל 7.5 - צבע אדום,,
19/08/2021,7400,נתניה,74007701,מזרח העיר,520,93.18773745,7.7,20.4,אדום,,ציון מעל 7.5 - צבע אדום,,
19/08/2021,7400,נתניה,74007702,מרכז דרום,323,86.5322304,10.3,0,אדום,,ציון מעל 7.5 - צבע אדום,,
19/08/2021,7400,נתניה,74007703,מרכז צפון,332,78.79683297,8.8,-6.7,כתום,,ציון 6.1 עד 7.5 - צבע כתום,,
19/08/2021,7400,נתניה,74007704,רצועת חוף דרום,403,63.21381142,5.9,-15.9,כתום,,ציון 6.1 עד 7.5 - צבע כתום,,
19/08/2021,7400,נתניה,74007705,רצועת חוף צפון,546,58.43810873,7.1,11.1,כתום,,ציון 6.1 עד 7.5 - צבע כתום,,
19/08/2021,7400,נתניה,74007706,שכונות הדרום,467,90.08506484,10.4,32.9,כתום,,ציון 6.1 עד 7.5 - צבע כתום,,
19/08/2021,525,סאג'ור,-999,לא רלוונטי,15>,22.93577982,6.8,0,צהוב,צהוב,ציון 4.6 עד 6 - צבע צהוב,,
19/08/2021,587,סביון,-999,לא רלוונטי,26,42.02719407,2.6,-15,צהוב,כתום,ציון 6.1 עד 7.5 - צבע כתום,,
19/08/2021,526,סולם,-999,לא רלוונטי,15>,30.21148036,4.8,0,צהוב,צהוב,ציון 4.6 עד 6 - צבע צהוב,,
19/08/2021,7500,סח'נין,-999,לא רלוונטי,138,31.34698945,6.5,38.4,כתום,צהוב,ציון 4.6 עד 6 - צבע צהוב,,
19/08/2021,1245,סלמה,-999,לא רלוונטי,15>,11.76816711,4,0,ירוק,ירוק,ציון 1 עד 4.5 - צבע ירוק,,
19/08/2021,4501,ע'ג'ר,-999,לא רלוונטי,0,0,0,0,ירוק,ירוק,ציון 1 עד 4.5 - צבע ירוק,,
19/08/2021,528,עוזייר,-999,לא רלוונטי,15>,8.923259964,2.7,0,ירוק,ירוק,ציון 1 עד 4.5 - צבע ירוק,,
19/08/2021,666,עומר,-999,לא רלוונטי,55,40.95653323,3.1,-26.2,אדום,אדום,ציון מעל 7.5 - צבע אדום,,
19/08/2021,530,עיילבון,-999,לא רלוונטי,18,24.21726345,2.5,40,צהוב,צהוב,ציון 4.6 עד 6 - צבע צהוב,,
19/08/2021,511,עילוט,-999,לא רלוונטי,15>,11.72745397,3.7,0,ירוק,ירוק,ציון 1 עד 4.5 - צבע ירוק,,
19/08/2021,532,עין מאהל,-999,לא רלוונטי,16,5.906238464,2,-23.1,ירוק,ירוק,ציון 1 עד 4.5 - צבע ירוק,,
19/08/2021,521,עין נקובא,-999,לא רלוונטי,15>,0,0,0,ירוק,צהוב,ציון 4.6 עד 6 - צבע צהוב,,
19/08/2021,4502,עין קנייא,-999,לא רלוונטי,15>,4.666355576,4.3,0,ירוק,ירוק,ציון 1 עד 4.5 - צבע ירוק,,
19/08/2021,7600,עכו,-999,לא רלוונטי,382,59.57549932,7.7,56.1,אדום,אדום,ציון מעל 7.5 - צבע אדום,,
19/08/2021,3765,עלי,-999,לא רלוונטי,26,42.36343367,3.9,58.3,כתום,כתום,ציון 6.1 עד 7.5 - צבע כתום,,
19/08/2021,3727,עלי זהב,-999,לא רלוונטי,31,39.23620194,2.8,-62.5,צהוב,כתום,ציון 6.1 עד 7.5 - צבע כתום,,
19/08/2021,3660,עמנואל,-999,לא רלוונטי,23,19.27246447,6.5,-50,כתום,אדום,ציון מעל 7.5 - צבע אדום,,
19/08/2021,534,עספיא,-999,לא רלוונטי,29,19.81453594,6.3,66.7,צהוב,צהוב,ציון 4.6 עד 6 - צבע צהוב,,
19/08/2021,7700,עפולה,-999,לא רלוונטי,533,68.43290409,7.3,14.4,אדום,אדום,ציון מעל 7.5 - צבע אדום,,
19/08/2021,3617,עפרה,-999,לא רלוונטי,23,48.49660524,4.7,0,אדום,אדום,ציון מעל 7.5 - צבע אדום,,
19/08/2021,3778,עץ אפרים,-999,לא רלוונטי,32,117.4089069,8.8,190,אדום,אדום,ציון מעל 7.5 - צבע אדום,,
19/08/2021,531,עראבה,-999,לא רלוונטי,94,25.11989039,5.6,-5.7,כתום,כתום,ציון 6.1 עד 7.5 - צבע כתום,,
19/08/2021,2560,ערד,-999,לא רלוונטי,589,189.9153478,14.2,333.6,אדום,אדום,ציון מעל 7.5 - צבע אדום,,
19/08/2021,637,ערערה,-999,לא רלוונטי,57,14.88736533,5.4,52,צהוב,צהוב,ציון 4.6 עד 6 - צבע צהוב,,
19/08/2021,637,ערערה,-999,לא רלוונטי,57,14.88736533,5.4,52,צהוב,צהוב,ציון 4.6 עד 6 - צבע צהוב,,
19/08/2021,1192,ערערה-בנגב,-999,לא רלוונטי,16,6.864867719,4.6,30,ירוק,ירוק,ציון 1 עד 4.5 - צבע ירוק,,
19/08/2021,53,עתלית,-999,לא רלוונטי,99,86.45533141,6.1,86.7,אדום,אדום,ציון מעל 7.5 - צבע אדום,,
19/08/2021,3768,פדואל,-999,לא רלוונטי,15>,44.22604423,2.4,-9.1,כתום,כתום,ציון 6.1 עד 7.5 - צבע כתום,,
19/08/2021,537,פוריידיס,-999,לא רלוונטי,39,20.83488355,6.8,-3.4,צהוב,צהוב,ציון 4.6 עד 6 - צבע צהוב,,
19/08/2021,3659,פסגות,-999,לא רלוונטי,15>,0,0,0,ירוק,צהוב,ציון 4.6 עד 6 - צבע צהוב,,
19/08/2021,535,פסוטה,-999,לא רלוונטי,15>,21.96422968,5.7,0,צהוב,צהוב,ציון 4.6 עד 6 - צבע צהוב,,
19/08/2021,536,פקיעין (בוקייעה),-999,לא רלוונטי,22,20.18163471,4.8,20,כתום,צהוב,ציון 4.6 עד 6 - צבע צהוב,,
19/08/2021,536,פקיעין (בוקייעה),-999,לא רלוונטי,22,20.18163471,4.8,20,כתום,צהוב,ציון 4.6 עד 6 - צבע צהוב,,
19/08/2021,7800,פרדס חנה-כרכור,-999,לא רלוונטי,404,60.25752646,4.7,38.4,כתום,כתום,ציון 6.1 עד 7.5 - צבע כתום,,
19/08/2021,171,פרדסיה,-999,לא רלוונטי,38,43.62870468,3.1,31.8,צהוב,צהוב,ציון 4.6 עד 6 - צבע צהוב,,
19/08/2021,7900,פתח תקווה,79007701,1,19,33.51955307,3.7,20,כתום,,ציון 4.6 עד 6 - צבע צהוב,,
19/08/2021,7900,פתח תקווה,79007702,2,297,52.59356237,3.9,42.1,כתום,,ציון 6.1 עד 7.5 - צבע כתום,,
19/08/2021,7900,פתח תקווה,79007704,4,278,55.30591082,7.4,2.7,אדום,,ציון מעל 7.5 - צבע אדום,,
19/08/2021,7900,פתח תקווה,79007705,5,354,52.58432731,5.8,19.4,כתום,,ציון 6.1 עד 7.5 - צבע כתום,,
19/08/2021,7900,פתח תקווה,79007706,6,278,63.68402432,6.6,8.2,אדום,,ציון מעל 7.5 - צבע אדום,,
19/08/2021,7900,פתח תקווה,79007707,7,239,46.18463591,4.1,25.9,כתום,,ציון 6.1 עד 7.5 - צבע כתום,,
19/08/2021,7900,פתח תקווה,79007708,8,263,71.9335235,7.3,-5.4,אדום,,ציון מעל 7.5 - צבע אדום,,
19/08/2021,7900,פתח תקווה,79007709,9,300,82.58368972,7.9,13.1,אדום,,ציון מעל 7.5 - צבע אדום,,
19/08/2021,3791,צופים,-999,לא רלוונטי,21,81.83306056,7.7,100,אדום,כתום,ציון 6.1 עד 7.5 - צבע כתום,,
19/08/2021,1113,צור הדסה,-999,לא רלוונטי,22,10.36717063,1.5,-33.3,צהוב,כתום,ציון 6.1 עד 7.5 - צבע כתום,,
19/08/2021,1345,צור יצחק,-999,לא רלוונטי,29,33.40926348,2.1,-4.3,צהוב,כתום,ציון 6.1 עד 7.5 - צבע כתום,,
19/08/2021,276,צור משה,-999,לא רלוונטי,15>,24.11817908,2.4,-9.1,צהוב,כתום,ציון 6.1 עד 7.5 - צבע כתום,,
19/08/2021,8000,צפת,-999,לא רלוונטי,302,58.47953216,10.2,26,אדום,אדום,ציון מעל 7.5 - צבע אדום,,
19/08/2021,3557,קדומים,-999,לא רלוונטי,44,63.33260537,3.5,81.3,אדום,אדום,ציון מעל 7.5 - צבע אדום,,
19/08/2021,195,קדימה-צורן,-999,לא רלוונטי,177,56.80066928,5.1,22.9,כתום,כתום,ציון 6.1 עד 7.5 - צבע כתום,,
19/08/2021,195,קדימה-צורן,-999,לא רלוונטי,177,56.80066928,5.1,22.9,כתום,כתום,ציון 6.1 עד 7.5 - צבע כתום,,
19/08/2021,964,קודייראת א-צאנע(שבט),-999,לא רלוונטי,15>,7.371913011,13.3,0,ירוק,ירוק,ציון 1 עד 4.5 - צבע ירוק,,
19/08/2021,1167,קיסריה,-999,לא רלוונטי,46,66.02426838,5.1,131.3,אדום,כתום,ציון 6.1 עד 7.5 - צבע כתום,,
19/08/2021,1167,קיסריה,-999,לא רלוונטי,46,66.02426838,5.1,131.3,אדום,כתום,ציון 6.1 עד 7.5 - צבע כתום,,
19/08/2021,638,קלנסווה,-999,לא רלוונטי,33,8.521153764,1.9,-25.9,ירוק,ירוק,ציון 1 עד 4.5 - צבע ירוק,,
19/08/2021,1243,קציר,-999,לא רלוונטי,15>,27.05444707,3.4,0,צהוב,צהוב,ציון 4.6 עד 6 - צבע צהוב,,
19/08/2021,1347,קצר א-סר,-999,לא רלוונטי,15>,0,0,0,ירוק,ירוק,ציון 1 עד 4.5 - צבע ירוק,,
19/08/2021,4100,קצרין,-999,לא רלוונטי,55,59.94405222,8.8,221.4,אדום,כתום,ציון 6.1 עד 7.5 - צבע כתום,,
19/08/2021,2620,קרית אונו,-999,לא רלוונטי,272,49.53651479,4.1,0,כתום,כתום,ציון 6.1 עד 7.5 - צבע כתום,,
19/08/2021,3611,קרית ארבע,-999,לא רלוונטי,38,42.19983665,6.6,181.8,כתום,כתום,ציון 6.1 עד 7.5 - צבע כתום,,
19/08/2021,3611,קרית ארבע,-999,לא רלוונטי,38,42.19983665,6.6,181.8,כתום,כתום,ציון 6.1 עד 7.5 - צבע כתום,,
19/08/2021,6800,קרית אתא,-999,לא רלוונטי,535,72.01767553,7.8,58.1,אדום,אדום,ציון מעל 7.5 - צבע אדום,,
19/08/2021,6800,קרית אתא,-999,לא רלוונטי,535,72.01767553,7.8,58.1,אדום,אדום,ציון מעל 7.5 - צבע אדום,,
19/08/2021,6800,קרית אתא,-999,לא רלוונטי,535,72.01767553,7.8,58.1,אדום,אדום,ציון מעל 7.5 - צבע אדום,,
19/08/2021,9500,קרית ביאליק,-999,לא רלוונטי,379,66.99483732,6.6,40.2,אדום,אדום,ציון מעל 7.5 - צבע אדום,,
19/08/2021,2630,קרית גת,-999,לא רלוונטי,947,127.0708796,11.8,77.1,אדום,אדום,ציון מעל 7.5 - צבע אדום,,
19/08/2021,2300,קרית טבעון,-999,לא רלוונטי,81,30.65805321,3,-21.1,כתום,כתום,ציון 6.1 עד 7.5 - צבע כתום,,
19/08/2021,9600,קרית ים,-999,לא רלוונטי,337,63.72337455,7.3,16.2,כתום,כתום,ציון 6.1 עד 7.5 - צבע כתום,,
19/08/2021,1137,קרית יערים,-999,לא רלוונטי,65,83.17338452,14.1,44.4,אדום,אדום,ציון מעל 7.5 - צבע אדום,,
19/08/2021,1137,קרית יערים,-999,לא רלוונטי,65,83.17338452,14.1,44.4,אדום,אדום,ציון מעל 7.5 - צבע אדום,,
19/08/2021,8200,קרית מוצקין,-999,לא רלוונטי,451,76.76909879,6.5,72.8,אדום,אדום,ציון מעל 7.5 - צבע אדום,,
19/08/2021,1034,קרית מלאכי,-999,לא רלוונטי,395,112.5441551,11.8,-25.7,אדום,אדום,ציון מעל 7.5 - צבע אדום,,
19/08/2021,469,קרית עקרון,-999,לא רלוונטי,150,86.09751677,8.4,2.2,אדום,אדום,ציון מעל 7.5 - צבע אדום,,
19/08/2021,2800,קרית שמונה,-999,לא רלוונטי,78,28.03738318,4.4,96.9,כתום,כתום,ציון 6.1 עד 7.5 - צבע כתום,,
19/08/2021,3640,קרני שומרון,-999,לא רלוונטי,53,28.44500632,2.7,-41.3,כתום,כתום,ציון 6.1 עד 7.5 - צבע כתום,,
19/08/2021,543,ראמה,-999,לא רלוונטי,33,39.93301559,5.9,138.5,כתום,צהוב,ציון 4.6 עד 6 - צבע צהוב,,
19/08/2021,2640,ראש העין,-999,לא רלוונטי,569,65.93700343,5.8,44.2,כתום,כתום,ציון 6.1 עד 7.5 - צבע כתום,,
19/08/2021,26,ראש פינה,-999,לא רלוונטי,27,55.67584287,6,-14.3,אדום,אדום,ציון מעל 7.5 - צבע אדום,,
19/08/2021,8300,ראשון לציון,83007701,מזרח,347,75.09386733,6.9,18.8,אדום,,ציון מעל 7.5 - צבע אדום,,
19/08/2021,8300,ראשון לציון,83007702,מערב,260,59.40709959,6,78.1,כתום,,ציון 6.1 עד 7.5 - צבע כתום,,
19/08/2021,8300,ראשון לציון,83007703,מרכז,416,75.46233089,7.2,61.7,אדום,,ציון מעל 7.5 - צבע אדום,,
19/08/2021,8300,ראשון לציון,83007704,צפון,207,45.45605362,4.6,20.2,כתום,,ציון מעל 7.5 - צבע אדום,,
19/08/2021,8300,ראשון לציון,83007705,קריות,358,66.63784114,6.2,48.9,אדום,,ציון 6.1 עד 7.5 - צבע כתום,,
19/08/2021,8300,ראשון לציון,83007706,ראשונים,246,70.96925972,6.3,38.2,אדום,,ציון מעל 7.5 - צבע אדום,,
19/08/2021,8300,ראשון לציון,83007707,רמז-כצנלסון,285,64.21744325,5.6,69.3,אדום,,ציון 6.1 עד 7.5 - צבע כתום,,
19/08/2021,8300,ראשון לציון,83007708,רמת אליהו ונוה ים,293,79.79612299,8.3,45.8,אדום,,ציון מעל 7.5 - צבע אדום,,
19/08/2021,3795,רבבה,-999,לא רלוונטי,18,49.94648591,4.2,40,כתום,כתום,ציון 6.1 עד 7.5 - צבע כתום,,
19/08/2021,1161,רהט,-999,לא רלוונטי,118,10.58761249,5.3,90.2,צהוב,צהוב,ציון 4.6 עד 6 - צבע צהוב,,
19/08/2021,997,רומת הייב,-999,לא רלוונטי,15>,14.3129771,5,0,ירוק,ירוק,ציון 1 עד 4.5 - צבע ירוק,,
19/08/2021,8400,רחובות,-999,לא רלוונטי,1646,85.01296054,7.6,65.3,אדום,אדום,ציון מעל 7.5 - צבע אדום,,
19/08/2021,542,ריינה,-999,לא רלוונטי,52,21.95045469,6.9,90.9,צהוב,צהוב,ציון 4.6 עד 6 - צבע צהוב,,
19/08/2021,922,רכסים,-999,לא רלוונטי,256,175.066313,18.3,450,אדום,אדום,ציון מעל 7.5 - צבע אדום,,
19/08/2021,8500,רמלה,-999,לא רלוונטי,761,71.25859849,8.8,15.6,אדום,אדום,ציון מעל 7.5 - צבע אדום,,
19/08/2021,8600,רמת גן,-999,לא רלוונטי,1179,52.95479352,4.8,47.2,כתום,כתום,ציון 6.1 עד 7.5 - צבע כתום,,
19/08/2021,2650,רמת השרון,-999,לא רלוונטי,374,59.18032096,4.1,42.6,כתום,כתום,ציון 6.1 עד 7.5 - צבע כתום,,
19/08/2021,122,רמת ישי,-999,לא רלוונטי,43,39.26038501,3.3,19.2,כתום,כתום,ציון 6.1 עד 7.5 - צבע כתום,,
19/08/2021,8700,רעננה,-999,לא רלוונטי,681,56.65427896,4,24.6,כתום,אדום,ציון מעל 7.5 - צבע אדום,,
19/08/2021,913,שבלי - אום אל-גנם,-999,לא רלוונטי,15>,16.24167614,3.7,0,צהוב,צהוב,ציון 4.6 עד 6 - צבע צהוב,,
19/08/2021,1286,שגב-שלום,-999,לא רלוונטי,15>,6.179378531,2.5,0,ירוק,ירוק,ציון 1 עד 4.5 - צבע ירוק,,
19/08/2021,1031,שדרות,-999,לא רלוונטי,284,76.12720163,8.9,39.2,כתום,כתום,ציון 6.1 עד 7.5 - צבע כתום,,
19/08/2021,1304,שוהם,-999,לא רלוונטי,144,53.73531789,4,22.8,כתום,אדום,ציון מעל 7.5 - צבע אדום,,
19/08/2021,658,שייח' דנון,-999,לא רלוונטי,0,0,0,0,ירוק,ירוק,ציון 1 עד 4.5 - צבע ירוק,,
19/08/2021,3641,שילה,-999,לא רלוונטי,15>,15.24390244,2.4,0,צהוב,צהוב,ציון 4.6 עד 6 - צבע צהוב,,
19/08/2021,812,שלומי,-999,לא רלוונטי,70,83.13539192,10.2,24.4,כתום,כתום,ציון 6.1 עד 7.5 - צבע כתום,,
19/08/2021,1337,שמשית,-999,לא רלוונטי,15>,23.82843527,2.4,0,צהוב,צהוב,ציון 4.6 עד 6 - צבע צהוב,,
19/08/2021,538,שעב,-999,לא רלוונטי,15>,9.719522355,2.8,-9.1,צהוב,צהוב,ציון 4.6 עד 6 - צבע צהוב,,
19/08/2021,538,שעב,-999,לא רלוונטי,15>,9.719522355,2.8,-9.1,צהוב,צהוב,ציון 4.6 עד 6 - צבע צהוב,,
19/08/2021,3720,שערי תקווה,-999,לא רלוונטי,38,47.94180856,4.6,52.6,כתום,כתום,ציון 6.1 עד 7.5 - צבע כתום,,
19/08/2021,8800,שפרעם,-999,לא רלוונטי,120,21.46226415,5.7,28.2,כתום,כתום,ציון 6.1 עד 7.5 - צבע כתום,,
19/08/2021,763,שתולים,-999,לא רלוונטי,15>,47.77830865,4.9,-23.1,כתום,כתום,ציון 6.1 עד 7.5 - צבע כתום,,
19/08/2021,5000,תל אביב - יפו,50007711,רובע 1 מערב,208,43.3575595,3.2,-10.9,כתום,,ציון 6.1 עד 7.5 - צבע כתום,,
19/08/2021,5000,תל אביב - יפו,50007712,רובע 1 מזרח,231,42.0775466,3.2,23.5,כתום,,ציון 6.1 עד 7.5 - צבע כתום,,
19/08/2021,5000,תל אביב - יפו,50007721,רובע 2 מערב,125,37.71842044,2.8,6.5,צהוב,,ציון 4.6 עד 6 - צבע צהוב,,
19/08/2021,5000,תל אביב - יפו,50007722,רובע 2 מזרח,240,56.66520569,3.9,15.3,כתום,,ציון 6.1 עד 7.5 - צבע כתום,,
19/08/2021,5000,תל אביב - יפו,50007731,רובע 3 צפון,247,45.16217326,3.4,21.3,כתום,,ציון 6.1 עד 7.5 - צבע כתום,,
19/08/2021,5000,תל אביב - יפו,50007732,רובע 3 דרום,213,54.35147286,4.1,52.8,כתום,,ציון 6.1 עד 7.5 - צבע כתום,,
19/08/2021,5000,תל אביב - יפו,50007740,רובע 4,297,38.64002273,2.7,4.6,כתום,,ציון 6.1 עד 7.5 - צבע כתום,,
19/08/2021,5000,תל אביב - יפו,50007751,רובע 5,412,55.54626688,4.3,40.4,כתום,,ציון 6.1 עד 7.5 - צבע כתום,,
19/08/2021,5000,תל אביב - יפו,50007771,רובע 7 מערב,183,48.67476728,5.5,124.6,כתום,,ציון 4.6 עד 6 - צבע צהוב,,
19/08/2021,5000,תל אביב - יפו,50007772,רובע 7 מזרח,223,56.57553747,7.2,58.2,אדום,,ציון 6.1 עד 7.5 - צבע כתום,,
19/08/2021,5000,תל אביב - יפו,50007780,רובע 8,328,46.32220957,7.7,37.1,כתום,,ציון 6.1 עד 7.5 - צבע כתום,,
19/08/2021,5000,תל אביב - יפו,50007791,רובע 9 צפון,284,59.80861244,5.3,20.1,כתום,,ציון מעל 7.5 - צבע אדום,,
19/08/2021,5000,תל אביב - יפו,50007792,רובע 9 דרום,430,49.77718783,7.1,-5.7,כתום,,ציון 6.1 עד 7.5 - צבע כתום,,
19/08/2021,154,תל מונד,-999,לא רלוונטי,118,59.43094867,3.7,95.1,אדום,כתום,ציון 6.1 עד 7.5 - צבע כתום,,
19/08/2021,1054,תל שבע,-999,לא רלוונטי,27,8.360039014,4.8,80,ירוק,ירוק,ציון 1 עד 4.5 - צבע ירוק,,
19/08/2021,709,תפרח,-999,לא רלוונטי,16,53.49977708,14,20,צהוב,צהוב,ציון 4.6 עד 6 - צבע צהוב,,
19/08/2021,3563,תקוע,-999,לא רלוונטי,17,31.04106972,3.2,30,צהוב,צהוב,ציון 4.6 עד 6 - צבע צהוב,,
19/08/2021,3563,תקוע,-999,לא רלוונטי,17,31.04106972,3.2,30,צהוב,צהוב,ציון 4.6 עד 6 - צבע צהוב,,